ISBN,Titulo,Genero,Precio,Valoracion,Paginas,Año edicion,Encuadernacion
9786073835763,El gran corruptor,Animales y mascotas,$299.00,0,280,2023,RUSTICA
9780241679012,Perro. La enciclopedia. La guía visual definitiva / Pd.,Animales y mascotas,$711.00,0,360,2023,PASTA DURA
9788425362989,"Sé el humano que tu perro necesita. Cuida su salud, alimentación y bienestar",Animales y mascotas,$399.00,0,192,2023,RUSTICA
9788425363009,"Sé el humano que tu gato necesita. Cuida su salud, alimentación y bienestar",Animales y mascotas,$399.00,4,224,2023,RUSTICA
9786075694566,Por qué nos encantan los gatos,Animales y mascotas,$249.00,0,256,2023,RUSTICA
9788484459729,Compañero para siempre (The forever dog). Descubre la nueva ciencia que mantendrá a tu perro joven y sano años y años,Animales y mascotas,$480.00,0,480,2022,RUSTICA
9788491396529,Conoce a tu gato. Manual para cuidar y entender mejor a tu amigo felino,Animales y mascotas,$359.00,0,208,2022,RUSTICA
9788494990168,Retratos animales,Animales y mascotas,$449.10,4,160,2019,PASTA DURA
9786075691008,Los viajes más increíbles,Animales y mascotas,$404.10,4,336,2021,RUSTICA
9788497614719,Nuevo plan de colmenas,Animales y mascotas,$306.00,0,292,2008,RUSTICA
9786077446279,Recibe a tu nuevo gato,Animales y mascotas,$167.20,0,128,2020,RUSTICA
9786077446262,Recibe a tu nuevo Perro,Animales y mascotas,$167.20,0,128,2020,RUSTICA
9786072116351,Recetas para consentir a tu perro,Animales y mascotas,$220.50,0,128,2016,RUSTICA
9786075256313,Las aves de la BUAP. Una Invitación a su conocimiento,Animales y mascotas,$200.00,4,135,2019,RUSTICA
9786070763854,El primer año con mi perrhijo,Animales y mascotas,$89.10,0,136,2020,RUSTICA
9786075503349,COMO ELEGIR UN PERRITO PARA LA CIUDAD,Animales y mascotas,$68.70,3,184,2019,RUSTICA
9788430619450,Adiós al caballo. Historia de una separación,Animales y mascotas,$611.10,3,472,2018,PASTA DURA
9788496060289,"LENGUAJE DE LOS CABALLOS, EL. LAS AVENTURAS Y SABIDURIA DE UNO DE LOS JINETES MAS RECONOCIDOS DE AMERICA",Animales y mascotas,$376.00,5,260,2006,RUSTICA
9788496060227,ACUPUNTURA  TRADICIONAL CHINA EN EL CABALLO,Animales y mascotas,$376.00,0,174,2006,PASTA DURA
9780241281871,Vida salvaje. Los animales y sus hábitats / Pd.,Animales y mascotas,$216.00,4,400,2018,PASTA DURA
9788491112532,Los poderes psíquicos de las mascotas,Animales y mascotas,$202.50,0,240,2018,RUSTICA
9786073835763,El gran corruptor,"Artes, Bellas Artes y Artes decorativas",$299.00,0,280,2023,RUSTICA
9786078670581,Método de Diseño para Arquitectos / 2 ed.,"Artes, Bellas Artes y Artes decorativas",$280.00,0,192,2024,RUSTICA
9788419524058,Escritos flamencos,"Artes, Bellas Artes y Artes decorativas",$256.00,0,160,2023,RUSTICA
9788419524089,Joan Miró: Regreso al Mediterraneo / Pd.,"Artes, Bellas Artes y Artes decorativas",$184.00,0,104,2023,PASTA DURA
9788412619874,El estornino de Mozart,"Artes, Bellas Artes y Artes decorativas",$424.00,0,240,2018,RUSTICA
9788412619829,Color. Historia de la paleta cromática,"Artes, Bellas Artes y Artes decorativas",$496.00,0,480,2023,RUSTICA
9788415715528,El Almuerzo sobre la hierba de Manet,"Artes, Bellas Artes y Artes decorativas",$184.00,11,56,2014,RUSTICA
9788491456803,Descubriendo el anime y el manga / Pd.,"Artes, Bellas Artes y Artes decorativas",$345.00,0,48,2023,PASTA DURA
9786078670604,Sensibilidad para Arquitectos,"Artes, Bellas Artes y Artes decorativas",$200.00,0,96,2024,RUSTICA
9788446053507,Pablo Picasso. Escritos 1935-1959,"Artes, Bellas Artes y Artes decorativas",$810.00,0,784,2023,RUSTICA
9786073838443,En la hermosa luna crepuscular #1,"Artes, Bellas Artes y Artes decorativas",$159.00,0,192,2023,RUSTICA
9788483933336,Arquitectura de las pequeñas cosas,"Artes, Bellas Artes y Artes decorativas",$446.25,0,208,2023,RUSTICA
9788445006825,Juego de Tronos. Storyboards / Pd.,"Artes, Bellas Artes y Artes decorativas",$998.00,0,320,2019,PASTA DURA
9788417294762,El rey de los pájaros / Cuentos de Gamayun / vol. 1,"Artes, Bellas Artes y Artes decorativas",$279.20,0,64,2022,PASTA DURA
9788445006849,La fotografía de Juego de Tronos / Pd.,"Artes, Bellas Artes y Artes decorativas","$1,398.00",0,320,2019,PASTA DURA
9788419392961,Escritos sobre Miquel Barceló / Pd.,"Artes, Bellas Artes y Artes decorativas",$498.75,0,186,2023,PASTA DURA
9786073908320,Maldiciones y malditos en Hollywood,"Artes, Bellas Artes y Artes decorativas",$198.00,0,176,2023,RUSTICA
9786073838139,Taylor. From the vault,"Artes, Bellas Artes y Artes decorativas",$269.00,0,128,2023,RUSTICA
9786073838467,"Farewell, my dear Cramer #05","Artes, Bellas Artes y Artes decorativas",$269.00,0,368,2023,RUSTICA
9786073836968,Más allá del amor,"Artes, Bellas Artes y Artes decorativas",$159.00,0,208,2023,RUSTICA
9786073838450,Twilight out of focus,"Artes, Bellas Artes y Artes decorativas",$159.00,0,224,2023,RUSTICA
9786073835763,El gran corruptor,Biblioteconomía y procesos documentales,$299.00,0,280,2023,RUSTICA
9788418914270,Editar y traducir. La movilidad y la materialidad de los textos,Biblioteconomía y procesos documentales,$850.50,18,360,2022,RUSTICA
9788417975876,Libreros de viejo en la Ciudad de México,Biblioteconomía y procesos documentales,$345.00,0,224,2023,RUSTICA
9786075694870,Magia portátil. Una historia alternativa de los libros y sus lectores,Biblioteconomía y procesos documentales,$329.00,0,336,2023,RUSTICA
9786073832809,El libro de los libros. La vida lectora a través de las páginas,Biblioteconomía y procesos documentales,$249.00,0,200,2023,RUSTICA
9786078866311,Manual para la investigación básica y aplicada. Del cuestionamiento personal al conocimiento socioantropológico,Biblioteconomía y procesos documentales,$351.00,0,256,2023,RUSTICA
9786078866281,Del arte de la aceptación al arte del control. Dewey y la primera lógica de la investigación empírica,Biblioteconomía y procesos documentales,$531.00,0,496,2022,RUSTICA
9788418941573,Una poética editorial,Biblioteconomía y procesos documentales,$293.40,0,176,2022,RUSTICA
9788412389647,Los fundamentos del libro y la edición,Biblioteconomía y procesos documentales,$773.40,0,799,2021,RUSTICA
9788412328325,Mario Muchnik. Editor para toda la vida. Conversaciones con Juan Cruz Ruiz,Biblioteconomía y procesos documentales,$429.00,0,127,2021,RUSTICA
9788412049336,Las claves de la edición. Lo que los editores no cuentan,Biblioteconomía y procesos documentales,$429.00,0,176,2020,RUSTICA
9788418941542,Un ensayo sobre tipografía,Biblioteconomía y procesos documentales,$269.40,0,168,2022,RUSTICA
9788418941443,Carta sobre los bibliófilos,Biblioteconomía y procesos documentales,$161.40,0,72,2021,RUSTICA
9788412328349,Filobiblon. Amor por los libros,Biblioteconomía y procesos documentales,$379.00,0,144,2021,RUSTICA
9789585033603,Metodología de la investigación / 6 ed,Biblioteconomía y procesos documentales,$304.00,0,139,2022,RUSTICA
9786073819299,Los demasiados libros 1972 - 2022,Biblioteconomía y procesos documentales,$299.00,0,176,2022,RUSTICA
9788491163251,Técnicas de investigación social y educativa,Biblioteconomía y procesos documentales,$535.00,0,224,2016,RUSTICA
9786079913069,El atuendo de los libros,Biblioteconomía y procesos documentales,$180.00,9,100,2022,RUSTICA
9786071671493,Un magno tour literario por Francia. El mundo de los libros en vísperas de la Revolución francesa,Biblioteconomía y procesos documentales,$290.00,4,386,2022,RUSTICA
9786073835763,El gran corruptor,Ciencias Naturales,$299.00,0,280,2023,RUSTICA
9788419261595,El cerebro narrativo. Lo que nuestras neuronas cuentan,Ciencias Naturales,$450.00,0,317,2023,RUSTICA
9788412620009,"Tiene la sonrisa de su madre. Poder, deformación y potencial de la herencia",Ciencias Naturales,$560.00,0,776,2019,RUSTICA
9786075695792,La venganza de la Tierra,Ciencias Naturales,$289.00,0,264,2023,RUSTICA
9786073838306,La armonía de las células,Ciencias Naturales,$499.00,3,624,2023,RUSTICA
9786075695457,Los dragones del Edén / Pd.,Ciencias Naturales,$299.00,9,264,2023,PASTA DURA
9788419654236,La poesía de los números. Cómo las matemáticas iluminan mi vida,Ciencias Naturales,$389.00,0,288,2023,RUSTICA
9788418741913,"Las ideas fundamentales del Universo. Espacio, tiempo y movimiento",Ciencias Naturales,$470.00,0,352,2023,RUSTICA
9786078866397,"Imaginación y conocimiento en ciencia, tecnología y educación: Retos, posibilidades y realidades",Ciencias Naturales,$441.00,5,304,2023,RUSTICA
9786073836326,Cinco ecuaciones que cambiaron el mundo. El poder y la oculta belleza de las matemáticas,Ciencias Naturales,$249.00,0,288,2023,RUSTICA
9788419654717,Gravedad,Ciencias Naturales,$429.00,5,336,2023,RUSTICA
9780241465486,Vida prehistórica. Tierra primitiva y pueblos prehistóricos / Pd.,Ciencias Naturales,$179.10,0,72,2023,PASTA DURA
9780241465493,Vida prehistórica. Paleozoico. Invertebrados / Pd.,Ciencias Naturales,$179.10,0,72,2023,PASTA DURA
9780241465509,Vida prehistórica. Paleozoico. Vertebrados y plantas / Pd.,Ciencias Naturales,$179.10,0,72,2023,PASTA DURA
9780241465523,Vida prehistórica. Triásico y jurásico / Pd.,Ciencias Naturales,$179.10,0,72,2023,PASTA DURA
9780241465547,Vida prehistórica. Cretácico / Pd.,Ciencias Naturales,$179.10,0,72,2023,PASTA DURA
9780241465561,Vida prehistórica. Cenozoico / 3 ed. / Pd.,Ciencias Naturales,$179.10,0,72,2023,PASTA DURA
9788418965937,"La vida imaginada. Un viaje científico especulativo entre extraterrestres inteligentes, animales de super gravedad y criaturas de hielo",Ciencias Naturales,$720.00,0,288,2023,RUSTICA
9788419414038,Historias de la historia explicadas por la física,Ciencias Naturales,$592.50,0,352,2023,RUSTICA
9788417547851,Cosmología. La ciencia ante el reto del Universo,Ciencias Naturales,$697.50,0,464,2023,RUSTICA
9788418965791,Química asombrosa. Una historia del mundo a través de las agrupaciones de los átomos,Ciencias Naturales,$622.50,0,256,2023,RUSTICA
9786073835763,El gran corruptor,Ciencias sociales,$299.00,0,280,2023,RUSTICA
9788412571554,Utopias Digitales. Imaginar el fin del capitalismo,Ciencias sociales,$300.00,0,252,2023,RUSTICA
9786074578362,El Príncipe / 3 ed.,Ciencias sociales,$96.75,0,120,2023,RUSTICA
9786078898190,"Gramsci y el sujeto político. Subalternidad, autonomía, hegemonía",Ciencias sociales,$378.00,3,190,2023,RUSTICA
9786078898152,Geopolítica del intervencionismo estadounidense en el Gran Caribe,Ciencias sociales,$351.00,0,174,2023,RUSTICA
9788418481673,Por qué Ucrania,Ciencias sociales,$344.00,0,144,2022,RUSTICA
9788419583352,Universalizar la resistencia,Ciencias sociales,$376.00,0,200,2023,RUSTICA
9788419583154,"Si existe Auschwitz, no puede existir Dios",Ciencias sociales,$224.00,3,96,2023,RUSTICA
9788412708585,La supervivencia de los más ricos,Ciencias sociales,$384.00,0,232,2022,RUSTICA
9788412619898,La cultura del narcisismo,Ciencias sociales,$440.00,0,328,2021,RUSTICA
9788412619973,No me toques el pelo. Origen e historia del cabello afro,Ciencias sociales,$400.00,0,280,2020,RUSTICA
9788412553963,"La retirada. Irak, Libia, Afganistán y la fragilidad del poder de Estados Unidos",Ciencias sociales,$312.00,0,160,2022,RUSTICA
9788412619959,Menos es más. Cómo el decrecimiento salvará al mundo,Ciencias sociales,$440.00,0,320,2021,RUSTICA
9788412619980,Por qué los alemanes lo hacen mejor. Notas sobre la primera economía europea,Ciencias sociales,$440.00,0,336,2020,RUSTICA
9788412620016,Una tumba con vistas. Historias y glorias de cementerios,Ciencias sociales,$440.00,0,344,2022,RUSTICA
9788415707707,La autoconservación de los grupos sociales,Ciencias sociales,$248.00,5,136,2020,RUSTICA
9788412708493,Cállate. El poder de mantener la boca cerrada en un mundo de ruido incesante,Ciencias sociales,$384.00,0,216,2023,RUSTICA
9788419583215,Construir la paz. Los discursos de las mujeres Premio Nobel de la Paz,Ciencias sociales,$360.00,0,224,2023,RUSTICA
9788419583369,Desechadas. Por qué China teme a la mujer empoderada,Ciencias sociales,$400.00,0,312,2023,RUSTICA
9786073838290,Contra la ignorancia de las mujeres,Ciencias sociales,$189.00,9,96,2023,RUSTICA
7503040912119,Paquete Anabel Hernández ¿Quiénes son los capos más poderosos?,Ciencias sociales,$649.00,8,859,2023,RUSTICA
9786073835763,El gran corruptor,Contabilidad,$299.00,0,280,2023,RUSTICA
9786075414584,Bases y aplicación práctica de la inteligencia artificial para contadores,Contabilidad,$450.00,0,156,2023,RUSTICA
9788411316699,Manual de finanzas inmobiliarias,Contabilidad,$790.00,0,176,2023,RUSTICA
9788417277499,Criptoeconomía. Más allá del bitcoin: Oportunidades del nuevo sistema financiero / 2 ed.,Contabilidad,$790.00,0,232,2023,RUSTICA
9786075414287,Mi pensión. Requisitos y cálculo que debo conocer para obtenerla / 4 ed.,Contabilidad,$435.00,0,192,2023,RUSTICA
9786075414218,Estudio práctico del ISR para personas morales 2023 / 21 ed.,Contabilidad,$615.00,0,352,2023,RUSTICA
9786073827904,La estrategia de los 4 números,Contabilidad,$269.00,0,208,2023,RUSTICA
9786071745194,Finanzas corporativas. Lo básico,Contabilidad,$249.00,0,160,2023,RUSTICA
9786076298763,Autotransportistas. Regimen fiscal 2023 / 2 ed.,Contabilidad,$409.00,0,144,2023,RUSTICA
9786076298770,Enajenación y adquisición de bienes. Personas físicas 2023 / 2 ed.,Contabilidad,$549.00,0,160,2023,RUSTICA
9786076298787,"Compensación, acreditamiento y devolución de impuestos 2023 / 10 ed.",Contabilidad,$639.00,0,272,2023,RUSTICA
9786076298725,El dictamen fiscal por enajenación de acciones 2023 / 4 ed.,Contabilidad,$639.00,0,138,2023,RUSTICA
9786076298817,"Discrepancia fiscal. Cómo prevenirla y, en su caso, aclararla correctamente 2023",Contabilidad,$299.00,0,45,2023,RUSTICA
9786076298718,Practiagenda de nóminas y de seguridad social correlacionada artículo por artículo 2023,Contabilidad,$399.00,0,1679,2023,RUSTICA
9786075414157,Responsabilidades Fiscales de los Notarios 2023,Contabilidad,$530.00,4,186,2023,RUSTICA
9786075388991,Educación financiera. Mueve tu dinero,Contabilidad,$208.00,0,100,2022,RUSTICA
9788491118275,Guía de estudio para el nuevo vivir del trading,Contabilidad,$637.50,0,168,2022,PASTA DURA
9786078837564,"Los impuestos en México, análisis y propuestas para una mejor relación impositiva",Contabilidad,$239.20,0,252,2022,RUSTICA
9786073256667,Contabilidad 1 / 3 ed.,Contabilidad,$875.00,0,384,2022,RUSTICA
9786073835763,El gran corruptor,Deportes y actividades recreativas,$299.00,0,280,2023,RUSTICA
9789493247307,Descifra el enigma. Sudokus,Deportes y actividades recreativas,$189.00,0,160,2023,RUSTICA
9789493247291,Descifra el enigma. Pasatiempos,Deportes y actividades recreativas,$189.00,0,160,2023,RUSTICA
9789492911773,Sopas y cruzadas. Tiempo de diversión,Deportes y actividades recreativas,$89.00,0,192,2023,RUSTICA
9789492911759,Crucigramas. Tiempo de diversión,Deportes y actividades recreativas,$89.00,0,192,2023,RUSTICA
9789492911186,Sopas de letras. Tiempo de diversión / vol. 4,Deportes y actividades recreativas,$89.00,0,192,2023,RUSTICA
9789492911131,Sudoku. Tiempo de diversión / vol. 3,Deportes y actividades recreativas,$89.00,0,288,2023,RUSTICA
9789492911117,Pasatiempos. Tiempo de diversión / vol. 3,Deportes y actividades recreativas,$89.00,0,192,2023,RUSTICA
8710835855059,Punto a punto #96,Deportes y actividades recreativas,$65.00,0,50,2023,RUSTICA
8413042836636,Sopas 10 000 palabras (nivel 1-2) Más de 210 sopas con soluciones,Deportes y actividades recreativas,$85.00,0,194,2023,RUSTICA
8413042836629,Sopas 9000 palabras (nivel 1-2) Más de 170 sopas con soluciones,Deportes y actividades recreativas,$75.00,0,162,2023,RUSTICA
9780241619872,Hiit. Entrenamiento de intervalos de alta intensidad / Pd.,Deportes y actividades recreativas,$499.00,0,224,2023,PASTA DURA
9788411316477,Eso no estaba en mi libro del Barça,Deportes y actividades recreativas,$660.00,0,296,2023,RUSTICA
9786073902106,Pioneras. El día que ellas pisaron la cancha hicieron historia,Deportes y actividades recreativas,$298.00,0,216,2023,RUSTICA
9788491114536,"99 Sudoku. Nivel fácil, medio y avanzado",Deportes y actividades recreativas,$112.50,0,120,2023,RUSTICA
9788480190039,La preparación física / 4 ed. / Pd.,Deportes y actividades recreativas,$826.20,0,408,2007,PASTA DURA
9788499109398,Pilates para la tercera edad,Deportes y actividades recreativas,$856.80,0,174,2021,RUSTICA
9788499109404,Entrena para ganar. Al máximo nivel en cualquier edad,Deportes y actividades recreativas,"$1,103.30",0,288,2010,RUSTICA
9786079949891,Inside the ropes / Entre las cuerdas,Deportes y actividades recreativas,$386.10,0,128,2023,RUSTICA
9788491119319,"Aprende a correr, evita lesiones y mejora tus marcas",Deportes y actividades recreativas,$457.50,0,240,2023,RUSTICA
9788418933332,Sudokus fáciles Express,Deportes y actividades recreativas,$202.50,0,144,2022,RUSTICA
9786073835763,El gran corruptor,Derecho,$299.00,0,280,2023,RUSTICA
9788415707912,Demasiadas leyes,Derecho,$168.00,0,104,2023,RUSTICA
9786075730752,Medios de defensa fiscal. Práctica forense y aspectos teóricos / 2 ed.,Derecho,$418.00,0,496,2024,RUSTICA
9786075730783,Las medidas cautelares,Derecho,$152.00,0,152,2024,RUSTICA
9786076109885,La investigación del delito,Derecho,$152.00,0,120,2024,RUSTICA
9786075730790,Derecho municipal. Régimen jurídico municipal / 2 ed.,Derecho,$332.50,0,376,2024,RUSTICA
9786076109878,La aplicación de la teoría del caso y la teoría del delito en el proceso penal acusatorio / 3 ed. / Pd.,Derecho,$522.50,0,624,2024,PASTA DURA
9786077368304,El despacho aduanero en México,Derecho,$342.00,0,280,2023,RUSTICA
9788411699631,Esquemas de Derechos Humanos a partir de Instrumentos Internacionales,Derecho,$854.05,6,750,2023,RUSTICA
9788411692427,Derecho de la competencia. Nuevos paradigmas,Derecho,$664.05,0,560,2023,RUSTICA
9788411699716,La e.firma y los certificados de sello digital como medio de presión y control fiscal,Derecho,$151.05,0,925,2023,RUSTICA
9788411699297,El subsistema procesal de la prueba,Derecho,$331.55,0,240,2023,RUSTICA
9788411697613,"Libertad de expresión política. Límites frente a la inteligencia artificial, laicismo y no discrimación",Derecho,$217.55,4,150,2023,RUSTICA
9788411306171,La garantía del debido proceso en el sistema penal acusatorio y el juicio de amparo,Derecho,$474.05,0,464,2023,RUSTICA
9788411699419,Recursos y nulidad en el proceso penal acusatorio,Derecho,$559.55,0,448,2023,RUSTICA
9788411699310,La jurisdicción restaurativa del sistema jurídico estatal,Derecho,$474.05,4,456,2023,RUSTICA
9788411300148,"Propiedad industrial, patentes y patentes farmacéuticas",Derecho,$759.05,0,656,2023,RUSTICA
9786079352936,"Poder político, ideología y psicoanálisis en la teoría pura del derecho de Hans Kelsen",Derecho,$198.00,0,112,2023,RUSTICA
9786070942006,IMMEX. Régimen jurídico de la industria maquiladora en México,Derecho,$390.00,0,320,2023,RUSTICA
9786070942457,Derecho administrativo / 5 ed.,Derecho,$520.00,0,488,2023,RUSTICA
9786073835763,El gran corruptor,Educación y pedagogía,$299.00,0,280,2023,RUSTICA
9786078866502,"Matemáticas, sus usos y significados. Un programa socioepistemológico de la Matemática Educativa",Educación y pedagogía,$405.00,3,248,2023,RUSTICA
9786071746511,Programa analítico. Metodología de elaboración,Educación y pedagogía,$199.00,3,72,2023,RUSTICA
9786077368199,Desafíos para la transformación de la educación superior en Sonora,Educación y pedagogía,$441.00,0,368,2023,RUSTICA
9788446053163,"Antonio Gramsci, una educación conservadora para una política radical",Educación y pedagogía,$414.00,0,240,2023,RUSTICA
9786073833813,Escuelas creativas. La revolución que está transformando la educación,Educación y pedagogía,$329.00,4,368,2023,RUSTICA
9786077368229,"Competencias científicas, educativas y socioemocionales en estudiantes",Educación y pedagogía,$252.00,0,192,2023,RUSTICA
9786078866489,Caminando juntos / vol. 1,Educación y pedagogía,$279.00,0,240,2023,RUSTICA
9788480192576,Educación Física. Proyecto curricular didáctico para el tercer ciclo de enseñanza primaria (10-12 años),Educación y pedagogía,$85.00,0,100,2010,RUSTICA
9786071745705,Tips para el desarrollo de la personalidad infantil. Más de 100 actividades para edades de 5 a 11 años,Educación y pedagogía,$199.00,0,114,2023,RUSTICA
9786077368137,Análisis de un examen estandarizado. El caso del examen departamental de Morfosintaxis de la Segunda Lengua de la Facultad de Idiomas UABC,Educación y pedagogía,$162.00,0,80,2023,RUSTICA
9786070313240,El maestro sin recetas. El desafío de enseñar en un mundo cambiante,Educación y pedagogía,$280.00,0,188,2023,RUSTICA
9788413791166,120 retos con números y palabras,Educación y pedagogía,$584.00,0,200,2022,RUSTICA
9788490238974,Cuentos con trucos para portarme bien en el cole,Educación y pedagogía,$480.00,3,112,2022,RUSTICA
9788413790237,Didáctica de la geografía en primaria,Educación y pedagogía,$600.00,4,192,2021,RUSTICA
9786070313257,¿Extensión o comunicación? La concientización en el medio rural / 3 ed.,Educación y pedagogía,$190.00,0,112,2023,RUSTICA
9786075694078,La escuela que quiero,Educación y pedagogía,$169.00,0,240,2023,RUSTICA
9786078688746,La otra ignorancia. Nuevas perspectivas para la educación,Educación y pedagogía,$287.10,0,150,2022,RUSTICA
9786078837847,Alfabetización disciplinar y literacidad en las universidades latinoamericanas,Educación y pedagogía,$239.20,9,240,2022,RUSTICA
9788470436925,Juegos y más juegos para el tiempo libre,Educación y pedagogía,$96.00,0,192,1992,RUSTICA
9596855731257,La modernización educativa,Educación y pedagogía,$135.00,0,254,2000,RUSTICA
9786073835763,El gran corruptor,Esoterismo,$299.00,0,280,2023,RUSTICA
7501557114945,Los sellos del Rey Salomón. Sus espíritus y sus potencias,Esoterismo,$331.50,0,72,2023,RUSTICA
9788411720403,Dominando la magiak,Esoterismo,$457.50,0,352,2023,RUSTICA
9788419685285,El tarot de los gatos (78 cartas y libro guía),Esoterismo,$652.50,0,112,2023,RUSTICA
9788411720274,Tu código lunar,Esoterismo,$337.50,0,136,2023,RUSTICA
9788491119906,El tarot clásico Rider Waite Smith,Esoterismo,$510.00,0,48,2023,RUSTICA
9788419105837,El tarot sin preguntas,Esoterismo,$412.50,0,368,2023,RUSTICA
9788419685148,I Ching (libro y 64 cartas),Esoterismo,$607.50,0,224,2023,RUSTICA
9788419685384,Libro de manifestación para brujos y brujas,Esoterismo,$330.00,0,200,2023,RUSTICA
9788491119982,Péndulos. Kit completo de adivinación,Esoterismo,$675.00,0,128,2023,RUSTICA
9786073907187,Las estancias de Dzyan,Esoterismo,$198.00,0,176,2023,RUSTICA
9788412431575,La historia de Genji / Pd.,Esoterismo,"$1,220.00",0,920,2022,PASTA DURA
9788417851927,Oráculo de la bruja verde (Libro y cartas / Estuche),Esoterismo,$530.00,0,112,2023,RUSTICA
9788417851910,Oráculo de los elementos (Libro y cartas / Escuche),Esoterismo,$530.00,3,112,2023,RUSTICA
9788411080491,Manual de interpretación de la carta natal,Esoterismo,$315.00,0,192,2023,RUSTICA
9781644116319,Tarot de los espíritus de la naturaleza (Libro y cartas / Estuche),Esoterismo,$720.00,0,192,2022,RUSTICA
9781644115510,Lecciones de los 12 arcángeles. Intervención divina en la vida cotidiana,Esoterismo,$310.00,0,224,2022,RUSTICA
9786071439055,"Brujas, herejes y mujeres guerreras",Esoterismo,$88.00,0,207,2012,RUSTICA
9786071439796,Los espíritus hablan,Esoterismo,$88.00,0,232,2012,RUSTICA
9786071440068,Sueños TEPT,Esoterismo,$96.00,0,273,2012,RUSTICA
9786071440082,Espirítus develados,Esoterismo,$88.00,0,232,2012,RUSTICA
9786073835763,El gran corruptor,Filosofía,$299.00,0,280,2023,RUSTICA
9788477743941,Moral laica. El compromiso moral del escritor,Filosofía,$192.00,0,96,2023,RUSTICA
9786071514752,Ética,Filosofía,$344.85,0,100,2022,RUSTICA
9786078765225,Introducción a la bioética / 5 ed.,Filosofía,$400.00,0,576,2023,RUSTICA
9786075693347,Ética para Amador / Pd.,Filosofía,$269.00,0,160,2022,PASTA DURA
9786070789335,Lecciones de ética,Filosofía,$258.00,0,320,2022,RUSTICA
9789876918473,"Ethos, ética y sociedad",Filosofía,$391.20,9,299,2020,RUSTICA
9786077134657,Ética y política en Karl Marx,Filosofía,$337.50,5,192,2021,RUSTICA
9789871501397,Fundamentación de la metafísica de las costumbres,Filosofía,$489.00,0,140,2012,RUSTICA
9786075691442,Ética cosmopolita. Una apuesta por la cordura en tiempos de pandemia,Filosofía,$233.10,0,208,2022,RUSTICA
9786075691718,¿Para qué sirve realmente la ética?,Filosofía,$197.10,3,192,2021,RUSTICA
9786070780677,Ética para desconfiados,Filosofía,$268.00,0,224,2021,RUSTICA
9788425442902,Arrebatar la vida. El suicidio en la modernidad,Filosofía,"$1,232.50",0,522,2021,RUSTICA
9788425445613,Introducción a la lógica de Hegel. Fundamentos del idealismo hegeliano,Filosofía,"$1,096.50",4,350,2021,RUSTICA
9788425446474,Cuerpos inadecuados. El desafío transhumanista a la filosofía,Filosofía,$680.00,0,214,2021,RUSTICA
9788425439834,Ética de la ecología integral,Filosofía,$510.00,0,163,2021,RUSTICA
9786077735656,Filosofía sin escrúpulos. Preludio a una ética para la contramoral,Filosofía,$255.00,0,180,2021,RUSTICA
9788418525049,Bioética y derechos humanos,Filosofía,$333.00,0,232,2021,RUSTICA
9786073835763,El gran corruptor,Gastronomía,$299.00,0,280,2023,RUSTICA
9788484459859,"El mundo de la fermentación. Recetas, técnicas y tradiciones de todo el planeta / Pd.",Gastronomía,$720.00,0,352,2023,PASTA DURA
9788418619687,Cocina de verano / Pd.,Gastronomía,$499.00,0,296,2023,PASTA DURA
9789585532502,Frida Kahlo. Los sabores de mi México / Pd.,Gastronomía,$992.00,10,240,2023,PASTA DURA
9786075695372,Alta cocina en tu mesa. Aprende a cocinar con los Chefs de Le Cordon Bleu,Gastronomía,$499.00,0,352,2023,RUSTICA
9786072130425,Día de Muertos. Recetas y tradiciones / Pd.,Gastronomía,$399.00,5,112,2023,PASTA DURA
9788415887720,Cocina este libro. Técnicas y recetas que querrás repetir / Pd.,Gastronomía,$720.00,0,304,2023,PASTA DURA
9788446053057,El gran libro de la bollería. Clásica. De tendencia. De prestigio / Pd.,Gastronomía,$801.00,0,288,2023,PASTA DURA
9788411312684,Recetario hebreo,Gastronomía,$830.00,0,248,2023,RUSTICA
9788411310352,La cocina hebrea. Alimentación del pueblo judío en la Biblia,Gastronomía,$760.00,0,400,2023,RUSTICA
7503035748112,Paquete Colección Cocina Paso a Paso  (3 Títulos),Gastronomía,$99.00,0,240,2005,RUSTICA
9788415887782,Cocinando en casa. O cómo aprendí a despreocuparme de las recetas / Pd.,Gastronomía,$720.00,0,400,2022,PASTA DURA
9788415887775,La fórmula del sabor. La ciencia de la buena cocina explicada en más de 100 recetas esenciales,Gastronomía,$790.00,0,352,2022,PASTA DURA
9788412506006,Escuela de wok. Deliciosa comida asiática en unos minutos,Gastronomía,$798.00,0,208,2022,RUSTICA
9788445014363,El libro de cocina de la Tierra Media / Pd.,Gastronomía,$528.00,0,160,2023,PASTA DURA
9786073900904,¡Ramen! Un libro de cocina en formato cómic,Gastronomía,$368.00,0,192,2023,RUSTICA
9788418968518,Cocinar al horno / Pd.,Gastronomía,$569.00,0,240,2023,PASTA DURA
9788425361517,Uno. Un recipiente. Recetas fáciles / Pd.,Gastronomía,$899.00,0,320,2023,PASTA DURA
9788415887836,I cook rock'n'roll. Recetas para cocinar a todo volumen,Gastronomía,$720.00,0,280,2022,RUSTICA
9788415887768,Sabor. Mi vida a través de la comida,Gastronomía,$480.00,0,320,2023,RUSTICA
9788419419231,"Un nuevo mundo de sabores. Las exuberantes cocinas de México, Perú y Brasil / Pd.",Gastronomía,$446.25,0,251,2022,PASTA DURA
9786073835763,El gran corruptor,Geografía,$299.00,0,280,2023,RUSTICA
9788490016886,"Libro tercero de la geografía de Estrabon, que comprehende un tratado sobre España antigua",Geografía,$256.50,4,326,2021,RUSTICA
9786073051644,Procesos urbanos en la Ciudad de México. Entre la gentrificación y la expansión de la periferia,Geografía,$240.00,0,232,2021,RUSTICA
9788413051376,La geografía en 100 preguntas,Geografía,$305.00,0,352,2021,RUSTICA
9786078781317,Vulnerabilidad y recursos naturales / vol. 4,Geografía,$232.00,0,144,2021,RUSTICA
9786073040891,Espacios de capital y territorios de resistencia. Miradas críticas desde la Geografía y el vivir saludable,Geografía,$280.00,0,264,2020,RUSTICA
9780241561423,Oceanos. El mundo secreto / pd.,Geografía,$792.00,0,416,2021,PASTA DURA
9786078559916,Desafíos en América Latina. Miradas desde la geografía,Geografía,$192.00,0,224,2019,RUSTICA
9786078559909,Poder y desarrollo. Tensiones en la geografía,Geografía,$192.00,0,280,2019,RUSTICA
9786071742315,Geografía moderna de México / 15 ed.,Geografía,$489.00,0,486,2021,RUSTICA
9786071741967,Atlas universal y de México / 3 ed.,Geografía,$305.00,0,104,2021,RUSTICA
9786075507521,Geografía. Conoce tu mundo y aprecia su diversidad,Geografía,$320.00,0,240,2021,RUSTICA
9786075506616,Geografía y cuidado del entorno,Geografía,$215.00,0,200,2020,RUSTICA
9786070309489,GESTION INTEGRAL DEL RIESGO DE DESASTRES EN LAS METROPOLIS. HACIA UNA RESILENCIA URBANA,Geografía,$272.00,0,370,2018,RUSTICA
9788466237109,MAPAS DE GUERRA. CARTOGRAFIANDO CONFLICTOS A TRAVES DE LOS SIGLOS / PD.,Geografía,$450.00,11,216,2018,PASTA DURA
9788477382478,DEMOGRAFIA. ANALISIS Y PROYECCIONES,Geografía,$368.00,0,368,1994,RUSTICA
9788477383864,CIUDAD Y DESARROLLO URBANO,Geografía,$468.00,7,288,1996,RUSTICA
9788497562713,GEOGRAFIA REGIONAL DE ESPAÑA PARA EDUCACION SECUNDARIA,Geografía,$168.00,0,192,2005,RUSTICA
9788477380399,TRABAJOS PRACTICOS DE GEOGRAFIA HUMANA,Geografía,$720.00,5,440,1988,RUSTICA
9788477383840,TEORIA Y METODOS EN GEOGRAFIA FISICA,Geografía,$180.00,0,304,1999,RUSTICA
9786072117662,NUEVAS VISTAS DEL MUNDO LAROUSSE. EL PLANETA CARTOGRAFIADO COMO NUNCA ANTES / PD.,Geografía,$503.10,5,224,2017,PASTA DURA
9786073835763,El gran corruptor,Historia,$299.00,0,280,2023,RUSTICA
9786074578348,"Jack, el destripador. El terror de Whitechapel",Historia,$111.75,0,120,2023,RUSTICA
9786078898251,Por la izquierda. Intelectuales socialistas en México,Historia,$342.00,0,326,2023,RUSTICA
9788412619881,Jesús y John Wayne. Cómo los evangelios blancos corrompieron una fe y fracturaron una nación,Historia,$496.00,0,416,2021,RUSTICA
9788412619836,Cómo ocultar un imperio. Historia de las colonias de Estados Unidos,Historia,$536.00,0,600,2023,RUSTICA
9786073838542,Reinas de leyenda,Historia,$589.00,8,600,2023,RUSTICA
9788446053323,Historia del antiguo Egipto / Pd.,Historia,$648.00,0,640,2023,PASTA DURA
9786075695976,Cómo meter toda la Antigua Grecia en un elevador,Historia,$299.00,0,280,2023,RUSTICA
9788418216152,Mujeres de armas tomar. Grandes guerreras de la historia,Historia,$435.00,0,416,2023,RUSTICA
9788418217326,La primera cruzada. Una nueva historia / Pd.,Historia,$620.00,0,448,2023,PASTA DURA
9788418217845,Vikingos. La historia definitiva de los pueblos del norte,Historia,$645.00,0,624,2023,RUSTICA
9786071680808,El carrerismo 1911-1917. La revolución en el triángulo ixtlero,Historia,$17.00,0,47,2023,RUSTICA
9786078898183,Los maestros en los movimientos armados y en las luchas de resistencias,Historia,$216.00,0,180,2023,RUSTICA
9786073837712,"Escape a los Andes. La historia de Mauricio Hochschild, el Schindler de Bolivia",Historia,$449.00,0,512,2023,RUSTICA
9786079941796,El maestro Miguel León-Portilla,Historia,$90.00,8,251,2023,RUSTICA
9786071681065,La estela de Tlatelolco. Una reconstrucción histórica del movimimento estudiantil del 68,Historia,$199.00,4,345,2023,RUSTICA
9788417743444,"Los normandos en Sicilia. La invasión del sur de Italia, 1016 - 1130 / Pd.",Historia,$620.00,0,400,2020,PASTA DURA
9788418550423,Genética y estalinismo. Herencia de caracteres adquiridos e ideología,Historia,$431.25,5,229,2021,RUSTICA
9788418550713,Afganistán,Historia,$322.50,4,129,2021,RUSTICA
9786073836159,Una historia en cada hijo te dio. Crónicas insólitas de México y su gente,Historia,$399.00,0,344,2023,RUSTICA
9788419036131,"Islas de plata, imperios de seda. Juncos y galeones en los Mares del Sur",Historia,$637.50,0,518,2022,RUSTICA
9786073835763,El gran corruptor,Informática,$299.00,0,280,2023,RUSTICA
9788418414572,Introducción a la Inteligencia Artificial. La tecnología que nos cambiará para siempre,Informática,$570.00,0,400,2023,RUSTICA
9786078704736,Metaverso. Cómo la web3 impulsa un nuevo mundo digital,Informática,$371.25,0,320,2023,RUSTICA
9788426734433,Estadística práctica para ciencia de datos con R y Python / 2 ed.,Informática,$538.00,0,362,2023,RUSTICA
9786075389332,Diseño de aplicaciones mediante el uso intensivo de datos,Informática,$655.20,0,618,2022,RUSTICA
9786075389660,Modelos de inteligencia artificial,Informática,$298.00,0,120,2022,RUSTICA
9786075760056,Introducción a los análisis estadísticos en R,Informática,$358.00,0,230,2022,RUSTICA
9788418971600,Calidad y sostenibilidad de sistemas de información en la práctica,Informática,$899.10,0,588,2022,RUSTICA
9786075389226,UNITY. Aprende a desarrollar videojuegos / 2 ed.,Informática,$412.20,0,392,2022,RUSTICA
9786075389417,Programación de servicios y procesos en C#,Informática,$331.20,0,166,2022,RUSTICA
9786075387611,Aprende a programar en Java. De cero al infinito,Informática,$259.20,3,248,2022,RUSTICA
9786075388502,Matlab. Computación metaheurística y bio-inspirada,Informática,$448.00,0,420,2021,RUSTICA
9788426735546,Data Mesh. Entrega de valor impulsado por los datos a escala,Informática,$618.00,0,412,2022,RUSTICA
9786075388571,Desarrollo de motores de búsqueda utilizando herramientas open source,Informática,$498.00,0,330,2022,RUSTICA
9786075387604,Colecciones de datos + algoritmos en Python. De cero al infinito,Informática,$295.20,0,312,2022,RUSTICA
9786075389257,Excel para ciencia e ingeniería,Informática,$728.00,0,510,2022,RUSTICA
9786075389295,Python para filósofos,Informática,$238.00,0,124,2022,RUSTICA
9786075388731,Mundo 4.0. El futuro de la sociedad tecnológica,Informática,$228.00,0,158,2022,RUSTICA
9786075389271,Diseño de arquitecturas .NET orientadas a microservicios,Informática,$438.00,0,340,2022,RUSTICA
9786075388717,Desarrollo de interfaces gráficas en Python 3 con Tkinter,Informática,$528.00,0,478,2022,RUSTICA
9786073835763,El gran corruptor,Ingenierías,$299.00,0,280,2023,RUSTICA
9786078601677,La sangre animal ¿problema o recurso?,Ingenierías,$243.00,0,192,2023,RUSTICA
9786071746344,Crianza de gallos de pelea /  2 ed.,Ingenierías,$229.00,0,128,2023,RUSTICA
9789587923940,Montaje de elementos y equipos en instalaciones de telecomunicaciones en edificios,Ingenierías,$476.10,0,286,2022,RUSTICA
9786075389264,Energía solar fotovoltaica para todos,Ingenierías,$348.00,0,232,2022,RUSTICA
9786077368175,"Tecnologías para una producción sostenible de trigo: El caso del Valle del Yaqui, México",Ingenierías,$207.00,0,112,2023,RUSTICA
9789587923223,Pequeñas centrales hidroeléctricas / 2 ed.,Ingenierías,$899.10,0,550,2022,RUSTICA
9789585033962,Diseño geométrico de intersecciones viales con civil 3D,Ingenierías,$399.20,0,207,2022,RUSTICA
9789585034204,Introducción a la ingeniería / 2 ed,Ingenierías,$472.00,0,258,2023,RUSTICA
9789585033627,Diseño geométrico de vías urbanas,Ingenierías,$800.00,0,482,2022,RUSTICA
9789585033924,Autocad aplicado a ingeniería civil y afines / 2 ed,Ingenierías,$440.00,0,223,2022,RUSTICA
9789585032705,Innovación tecnológica / 5 ed,Ingenierías,$360.00,0,158,2022,RUSTICA
9789585031142,"Pavimentos. Materiales, construcción y diseño / 2 ed",Ingenierías,$960.00,4,667,2022,RUSTICA
9786075388441,Seguridad integral en las empresas. Sistema de gestión de seguridad integral,Ingenierías,$205.20,0,216,2021,RUSTICA
9786075388854,Metodología del diseño. Técnicas de análisis y síntesis con teoría y casos prácticos,Ingenierías,$428.00,0,372,2021,RUSTICA
9786077367451,La integración del conocimiento y la telemática en la agricultura,Ingenierías,$108.00,0,100,2022,RUSTICA
9786078742486,Elementos básicos de dibujo tecnico I. Libro de apoyo,Ingenierías,$300.00,8,152,2022,RUSTICA
9786076352328,Bioprocesos agroalimentarios. Técnicas de análisis de alimentos y bioproductos,Ingenierías,$131.25,3,130,2021,RUSTICA
9786076352434,Avances y aplicaciones en sistemas inteligentes. Un enfoque en investigación aplicada,Ingenierías,$135.00,0,142,2021,RUSTICA
9786073835763,El gran corruptor,Lingüística,$299.00,0,280,2023,RUSTICA
9786075577715,"Más malas lenguas. Otros barbarismos, desbarres, palabros, redundancias, sinsentidos y demás barrabasadas",Lingüística,$475.00,4,520,2023,RUSTICA
9786075982212,Qué es y qué no es la Academia Mexicana de la Lengua,Lingüística,$90.00,5,128,2023,RUSTICA
9788467066920,Crónica de la lengua española 2022-2023 / Pd.,Lingüística,"$1,398.00",4,1184,2023,PASTA DURA
9786072129344,Atrapados por la lengua,Lingüística,$211.65,0,256,2023,RUSTICA
9786070313295,De la Gramatología,Lingüística,$400.00,4,398,2023,RUSTICA
9786073901772,Guía esencial para aprender a redactar,Lingüística,$328.00,0,264,2023,RUSTICA
9788433910004,"Alma, nostalgia, armonía y otros relatos sobre las palabras / Pd.",Lingüística,$535.00,6,640,2022,PASTA DURA
9788483933237,Escribir infantil y juvenil. Manual de escritura de literatura infantil y juvenil,Lingüística,$596.25,0,472,2022,RUSTICA
9786077367772,Puentes interculturales: del español al francés  / Passages interculturels: de lespagnol au français,Lingüística,$441.00,10,128,2023,RUSTICA
9786070313080,La semiología / 2 ed.,Lingüística,$180.00,0,144,2023,RUSTICA
9788477381938,"Análisis contrastivo, análisis de errores e interlengua",Lingüística,$432.00,0,176,1999,RUSTICA
9788446051862,Avances de la Lingüística y su aplicación didáctica,Lingüística,$441.00,0,256,2022,RUSTICA
9788477380627,Las estructuras gramaticales desde el punto de vista histórico,Lingüística,$384.00,0,132,1999,RUSTICA
9789877190786,Leer el mundo. Experiencias actuales de transmisión cultural,Lingüística,$215.00,0,208,2015,RUSTICA
9788412187458,Simpatía por el traidor. Manifiesto por la traducción,Lingüística,$323.40,10,168,2020,RUSTICA
9786070796265,Cuaderno de ejercicios prácticos de Redacción sin dolor / 5 ed.,Lingüística,$338.00,0,288,2023,RUSTICA
9789585032484,Fundamentos de morfología de la lengua castellana,Lingüística,$360.00,0,176,2022,RUSTICA
9786124889554,La redacción no se improvisa / 5 ed.,Lingüística,$239.20,0,226,2023,RUSTICA
9786070794537,Enseñar a hablar a un monstruo,Lingüística,$398.00,0,376,2022,RUSTICA
9788411312042,Manual práctico para un buen uso de los signos de puntuación,Lingüística,$382.50,0,192,2022,RUSTICA
9786073835763,El gran corruptor,Literatura,$299.00,0,280,2023,RUSTICA
9786074578300,El último día de un condenado a muerte,Literatura,$96.75,0,112,2023,RUSTICA
9788419261618,Agora,Literatura,$450.00,0,188,2023,RUSTICA
9788415707639,Émile Verhaeren. Recuerdos,Literatura,$248.00,0,88,2020,RUSTICA
9788415707813,El humorismo,Literatura,$296.00,6,184,2022,RUSTICA
9788418481666,La poesía no se consume,Literatura,$224.00,0,128,2022,RUSTICA
9788477741664,"El Batavia: traición, naufragio, asesinatos, esclavitud sexual, valor",Literatura,$432.00,0,496,2020,RUSTICA
9788412619843,Zami. Una nuena forma de escribir mi nombre,Literatura,$440.00,0,376,2023,RUSTICA
9788412620023,Walkaway. La vida por defecto,Literatura,$496.00,0,560,2018,RUSTICA
9789563652352,Apiádense del lector: para escribir con estilo / 2 ed.,Literatura,$336.00,13,534,2022,RUSTICA
9789563650358,El infarto del alma,Literatura,$352.00,0,81,2017,RUSTICA
9789563651218,Wakefield / Pd.,Literatura,$208.00,0,73,2019,PASTA DURA
9789563652482,Fronteras de lo Real,Literatura,$208.00,0,112,2022,RUSTICA
9786073910248,La sangre del padre,Literatura,$398.00,0,608,2023,RUSTICA
9786073903929,Bambi. Una vida en el bosque,Literatura,$298.00,0,280,2023,RUSTICA
9788494613173,La máscara o la vida. De la autoficción a la antificción,Literatura,$416.25,0,354,2017,RUSTICA
9789563651485,Trama y urdimbre,Literatura,$176.00,0,134,2019,RUSTICA
9789563651089,Metraje encontrado,Literatura,$176.00,0,175,2018,RUSTICA
9789568935979,Interrupciones. Diario de lecturas,Literatura,$208.00,0,303,2016,RUSTICA
9789563651096,El clan Braniff,Literatura,$320.00,0,201,2018,RUSTICA
9789563650365,Caracteres. Selección de Aguafuertes,Literatura,$312.00,0,217,2017,RUSTICA
9786073835763,El gran corruptor,Matemáticas,$299.00,0,280,2023,RUSTICA
9788412619850,El arte de la estadística. Cómo aprender de los datos,Matemáticas,$472.00,0,368,2020,RUSTICA
9788419036414,Para pensar mejor. El arte del atajo,Matemáticas,$596.25,0,414,2023,RUSTICA
9788418965081,Historia del infinito. El apasionante relato de uno de los conceptos más profundos y enigmáticos de las matemáticas,Matemáticas,$570.00,0,240,2023,RUSTICA
9786075741468,Baldor. Cuaderno de ejercicios,Matemáticas,$270.00,9,200,2023,RUSTICA
9786075694528,¿Para qué sirven las matemáticas? Cómo dan forma a nuestra vida cotidiana,Matemáticas,$398.00,5,344,2023,RUSTICA
9788418741654,"Historia de los números. El cero, el uno, los números primos y el infinito",Matemáticas,$425.00,0,272,2022,RUSTICA
9788491993889,¿Para qué sirven las matemáticas?,Matemáticas,$649.00,5,344,2022,RUSTICA
9789585034006,Bioestadística inferencial / vol. 2,Matemáticas,$440.00,0,271,2022,RUSTICA
9789585033825,Programación lineal aplicada / 3 ed,Matemáticas,$632.00,4,389,2023,RUSTICA
9789585033986,Bioestadística descriptiva / vol. 1,Matemáticas,$400.00,0,220,2023,RUSTICA
9786075693552,Locos por las matemáticas,Matemáticas,$189.00,5,256,2022,RUSTICA
9788428344418,Análisis numérico de ecuaciones diferenciales ordinarias,Matemáticas,$584.00,0,425,2020,RUSTICA
9786077367338,Aplicaciones del cálculo fraccionario en la descripción de fenómenos físicos y químicos,Matemáticas,$144.00,0,154,2021,RUSTICA
9788413524290,Matemáticas y deporte,Matemáticas,$438.75,0,123,2022,RUSTICA
9786071517579,Estadística para ingenieros y científicos / 5 ed.,Matemáticas,$845.50,0,896,2022,RUSTICA
9786071672780,Matemáticas de colores,Matemáticas,$135.00,0,191,2022,RUSTICA
9788417547325,Historia del Cálculo,Matemáticas,$510.00,4,432,2022,RUSTICA
9786073835763,El gran corruptor,Medicina,$299.00,0,280,2023,RUSTICA
9786071520814,Lange. Anatomía macroscópica / 2 ed.,Medicina,$990.00,0,512,2023,RUSTICA
9786071520777,Anatomía. Libro para colorear para estudiantes de ciencias de la salud,Medicina,$450.00,0,400,2023,RUSTICA
9786071520838,Goodman & Gilman. Las bases farmacológicas de la terapéutica / 14 ed. / Pd.,Medicina,"$2,358.00",11,1680,2023,PASTA DURA
9786071517944,Gastroenterología / 4 ed.,Medicina,"$1,178.10",0,1024,2022,RUSTICA
9786071517982,Jobst. Farmacología para el fisioterapeuta /  2 ed.,Medicina,"$1,035.00",0,480,2022,RUSTICA
9786071519290,Manual de oncología / 7 ed.,Medicina,"$1,235.00",0,850,2023,RUSTICA
9786071521033,Guía práctica del uso de fármacos durante la gestación,Medicina,$765.00,0,536,2023,RUSTICA
9786078892228,Trazos. 20 años de vocación / Pd.,Medicina,$630.00,0,147,2023,PASTA DURA
9788419284600,Atención primaria de bolsillo / 3 ed.,Medicina,$900.00,0,440,2023,RUSTICA
9788418563478,Biomecánica. Bases del movimiento humano / 5 ed. (Incluye eBook),Medicina,"$1,188.00",0,568,2022,RUSTICA
9788418892967,Cardiología de bolsillo / 2 ed.,Medicina,$990.00,0,280,2023,RUSTICA
9788418892943,Diseño de investigaciones clínicas / 5 ed.,Medicina,"$1,620.00",0,468,2023,RUSTICA
9788419284242,El libro del ECG / 10 ed.,Medicina,"$1,260.00",0,416,2023,RUSTICA
9788419284488,LIR. Farmacología / 8 ed.,Medicina,"$1,260.00",0,784,2023,RUSTICA
9788419663030,LIR. Biología Molecular y Celular / 3 ed.,Medicina,$990.00,0,280,2023,RUSTICA
9788419284068,Serie RT. Fisiología / 8 ed.,Medicina,$810.00,0,336,2023,RUSTICA
9788419284037,Rubin & Strayer. Patología / 8 ed.,Medicina,"$1,530.00",0,1400,2023,RUSTICA
9788419284495,Oncologia de bolsillo / 3 ed.,Medicina,"$1,170.00",0,432,2023,RUSTICA
9788418892912,Kaplan & Sadock. Manual de psiquiatría clínica / 5 ed.,Medicina,"$1,980.00",0,1136,2023,RUSTICA
9788419284860,Langman. Embriología médica / 15 ed.,Medicina,"$1,260.00",0,456,2023,RUSTICA
9786073835763,El gran corruptor,Negocios y Administración de empresas,$299.00,0,280,2023,RUSTICA
9781265111946,Marketing / 16 ed.,Negocios y Administración de empresas,$900.00,0,784,2023,RUSTICA
9788419154279,"Sueña, planea y conquista. Qué meter en tu mochila para el viaje de la vida",Negocios y Administración de empresas,$314.40,0,368,2023,RUSTICA
9786073821827,Al grano,Negocios y Administración de empresas,$399.00,0,336,2023,RUSTICA
9786077487821,Partnering,Negocios y Administración de empresas,$280.00,0,320,2023,RUSTICA
9786073838085,"Empieza, sigue o déjalo. El arte de tomar decisiones",Negocios y Administración de empresas,$279.00,0,296,2023,RUSTICA
9786075694139,30 principios de un BlackLion,Negocios y Administración de empresas,$349.00,0,376,2023,RUSTICA
9786077487722,Coaching para el éxito,Negocios y Administración de empresas,$345.00,0,320,2023,RUSTICA
9786075695594,Los 7 hábitos de la gente altamente efectiva / Pd. (30 aniversario),Negocios y Administración de empresas,$479.00,4,576,2023,PASTA DURA
9786075695853,Conéctate con el dinero,Negocios y Administración de empresas,$219.00,0,216,2023,RUSTICA
9786073837156,Las 16 leyes indiscutibles de la comunicación,Negocios y Administración de empresas,$389.00,4,328,2023,RUSTICA
9786071746405,Fundamentos de administración / 15 ed.,Negocios y Administración de empresas,$429.00,4,320,2023,RUSTICA
9786073836685,Cómo ganar en China,Negocios y Administración de empresas,$289.00,0,224,2023,RUSTICA
9786071746146,Identidad corporativa. Una introducción,Negocios y Administración de empresas,$249.00,0,160,2023,RUSTICA
9786075695723,Los 7 hábitos de la gente altamente efectiva,Negocios y Administración de empresas,$399.00,4,576,2023,RUSTICA
9788411313780,La salud mental en la empresa. Cómo crear trabajos saludables y mejorar la salud mental de tu equipo,Negocios y Administración de empresas,$790.00,0,256,2023,RUSTICA
9788417277871,Entrevista a Aristóteles. Filosofía para líderes y emprendedores,Negocios y Administración de empresas,$760.00,0,188,2023,RUSTICA
9786078704750,Factor conexión. Del poder a la colaboración en las organizaciones,Negocios y Administración de empresas,$296.25,0,176,2023,RUSTICA
9786077487555,Humanidad rica. Empresas y empresarios conscientes,Negocios y Administración de empresas,$240.00,5,192,2023,RUSTICA
9786073835763,El gran corruptor,Niños,$299.00,0,280,2023,RUSTICA
9789568868475,Aquí veo / 2 ed / Pd.,Niños,$234.00,0,24,2017,PASTA DURA
9789566070238,El mejor regalo / Pd.,Niños,$333.00,0,42,2022,PASTA DURA
9789566070221,Me llamo Millaray / Pd.,Niños,$513.00,0,72,2022,PASTA DURA
9789568868932,Rima adivina / Pd.,Niños,$360.00,0,16,2019,PASTA DURA
9789566070245,Mi opinión sobre las ardillas / Pd.,Niños,$378.00,0,48,2022,PASTA DURA
9789563652208,El Gran Inventario Del Arte / Pd.,Niños,$280.00,0,40,2021,PASTA DURA
9789563652437,Cómo ser amables / Pd.,Niños,$208.00,0,24,2022,PASTA DURA
9789563652406,"Ojos que ven, corazón que siente",Niños,$200.00,0,24,2021,RUSTICA
9789563652420,Vecinos / Pd.,Niños,$208.00,0,24,2022,PASTA DURA
9789563652550,Brotes entre el cemento / Pd.,Niños,$176.00,0,32,2023,PASTA DURA
9789563651546,El País de los Ratones / Pd.,Niños,$208.00,0,28,2020,PASTA DURA
9789563652802,Filonimo. El Erizo De Schopenhauer / Pd.,Niños,$176.00,5,32,2023,PASTA DURA
9789563652819,Filonimo. El pato de Wittgenstein / Pd.,Niños,$176.00,5,32,2023,PASTA DURA
9781338601305,Hombre Perro. Por quién rueda la pelota / Pd.,Niños,$359.00,0,240,2023,PASTA DURA
9781338601312,Hombre Perro. Atrapa 22 / Pd.,Niños,$359.00,0,240,2023,PASTA DURA
9781338668001,Los Vengadores Asamblea. Orientación / vol. 1 / Pd.,Niños,$219.00,0,176,2023,PASTA DURA
9781338801910,Dog Man. Twenty Thousand Fleas Under the Sea / Pd.,Niños,$399.00,0,240,2023,PASTA DURA
9786075770468,Pinocho. Por una nariz,Niños,$19.95,0,16,2023,RUSTICA
9786075770451,Mickey Mouse y la tienda de mascotas,Niños,$19.95,0,16,2023,RUSTICA
9786075770437,La Sirenita. Una canción especial,Niños,$19.95,0,16,2023,RUSTICA
9786073835763,El gran corruptor,Obras de referencia y consulta,$299.00,0,280,2023,RUSTICA
9789563651508,El tiempo te dará la razón. 100 frases de Marcelo Bielsa,Obras de referencia y consulta,$160.00,0,110,2020,RUSTICA
9786071679710,Diccionario medieval,Obras de referencia y consulta,$240.00,4,326,2023,RUSTICA
9780241582459,Star Wars Batallas que transformaron la Galaxia,Obras de referencia y consulta,$699.00,0,256,2023,PASTA DURA
9786075957203,"En la máscara. Tradiciones, encapuchados y rituales / Pd.",Obras de referencia y consulta,$520.00,0,232,2023,PASTA DURA
9780241674482,Mitos y leyendas una enciclopedia visual / 2 ed. / Pd.,Obras de referencia y consulta,$558.00,9,256,2023,PASTA DURA
9788411692625,Diccionario Jurídico Notarial,Obras de referencia y consulta,$711.55,0,600,2023,RUSTICA
9780194337311,Diccionario Oxford Pocket para estudiantes latinoamericanos de inglés. Español-inglés inglés-español,Obras de referencia y consulta,$630.00,0,800,2023,RUSTICA
9788411314602,Oficios mágicos y ocultos. Adivinos / Meigas / Videntes / Augures / Saludadores / Acabadores,Obras de referencia y consulta,$670.00,0,224,2023,RUSTICA
9786076162095,Diccionario jurídico. Teórico práctico / 2 ed.,Obras de referencia y consulta,"$1,199.00",0,1040,2023,RUSTICA
9786073832953,La historia de Lego. Como un juguete despertó la imaginación del mundo,Obras de referencia y consulta,$429.00,0,360,2023,RUSTICA
9786073832472,Hogwarts Legacy. La guía oficial del videojuego,Obras de referencia y consulta,$299.00,0,176,2023,RUSTICA
9788417796716,Diccionario de los símbolos,Obras de referencia y consulta,"$1,005.00",0,936,2023,RUSTICA
9788413550831,Diccionario jurídico / 2 ed.,Obras de referencia y consulta,"$1,519.05",0,1416,2023,RUSTICA
9788833120652,Diccionario Gramsciano (1926-1937),Obras de referencia y consulta,$360.00,3,516,2023,RUSTICA
9786078875177,Enciclopedia notarial,Obras de referencia y consulta,"$1,100.00",0,346,2022,RUSTICA
9786073070249,Lexicón jurídico,Obras de referencia y consulta,$880.00,0,839,2023,RUSTICA
9786070313196,Diccionario de injusticias / Pd.,Obras de referencia y consulta,$850.00,0,842,2023,PASTA DURA
9781609915124,Ripleys Belive it or not! Fuera de lo común / Pd.,Obras de referencia y consulta,$199.00,9,125,2023,PASTA DURA
9781609915131,Ripleys Belive it or not! Fuera de serie / Pd.,Obras de referencia y consulta,$199.00,9,125,2023,PASTA DURA
9786072123991,Diccionario Escolar Larousse,Obras de referencia y consulta,$107.10,0,608,2023,RUSTICA
9786073835763,El gran corruptor,Psicología,$299.00,0,280,2023,RUSTICA
9788415707875,El doble: Un estudio psicoanálitico del Doppelgänger,Psicología,$264.00,0,112,2022,RUSTICA
9788411211741,"Buenos días, monstruo. Cinco viajes heroicos de recuperación",Psicología,$585.00,0,456,2023,RUSTICA
9788419685230,Terapia cognitivo conductual en 7 semanas,Psicología,$390.00,0,306,2023,RUSTICA
9788419685179,Arquetipos para una nueva masculinidad,Psicología,$352.50,0,275,2023,RUSTICA
9786078866519,Psicoterapia Sistémico-Relacional. Voces y prácticas contemporáneas,Psicología,$621.00,0,352,2023,RUSTICA
9788411080415,"La hipnosis de Milton Erickson. Técnica, aplicaciones y comentarios sobre casos inéditos en español",Psicología,$435.00,0,320,2023,RUSTICA
9788419654229,Atlas de las fobias y las manías. 99 obsesiones para comprenderte a ti y a quienes te rodean,Psicología,$469.00,0,336,2023,RUSTICA
9788491397755,Estar bien aquí y ahora,Psicología,$412.50,0,272,2023,RUSTICA
9788491396901,"Influencia, la psicología de la persuasión",Psicología,$427.50,5,576,2023,RUSTICA
9788413147093,Sin darse cuenta,Psicología,$299.00,0,464,2023,RUSTICA
9786079838713,La psicología social aplicada. 40 años de formación y experiencias,Psicología,$144.00,8,180,2023,RUSTICA
9786071680006,El psicoanálisis,Psicología,$195.00,0,304,2023,RUSTICA
9786078608423,Resiliencia Camino para transformar la adversidad,Psicología,$312.00,3,180,2033,RUSTICA
9788419662088,Desescalar. Cómo calmar a una persona furiosa en menos de 90 segundos,Psicología,$425.00,0,288,2023,RUSTICA
9788411080019,"Corporizar las emociones. Guía práctica para mejorar los resultados cognitivos, emocionales y conductuales",Psicología,$550.00,0,448,2023,RUSTICA
9788418414671,Perfiles psiquiátricos de niños asesinos,Psicología,$495.00,0,208,2023,RUSTICA
9788418965838,Asesinas. ¿Por qué matan las mujeres?,Psicología,$645.00,0,288,2023,RUSTICA
9786072129368,Estafas amorosas,Psicología,$229.00,0,160,2023,RUSTICA
9788418914881,¡No al totalitarismo! Libertad interior y sumisión confortable,Psicología,$531.00,6,224,2022,RUSTICA
9788418525230,Historias para no dormir. El maltrato institucional en la atención al menor,Psicología,$711.00,7,240,2021,RUSTICA
9786073835763,El gran corruptor,Religión,$299.00,0,280,2023,RUSTICA
7502275674502,La vida secreta de Jesús / 3 ed.,Religión,$96.75,0,128,2023,RUSTICA
9788411720250,Siete capítulos místicos y otros textos,Religión,$412.50,0,240,2023,RUSTICA
9788491119814,Las puertas de la luz,Religión,$630.00,0,752,2023,RUSTICA
9789588243603,El Manto de María. Una consagración Mariana para obtener ayuda celestial,Religión,$199.20,0,240,2023,RUSTICA
9788417796808,Los portavoces de Dios,Religión,$487.50,0,184,2023,RUSTICA
9788499502397,"Luz, poder y sabiduría. Para superar los obstáculos del camino y avanzar en la realización",Religión,$345.00,0,110,2023,RUSTICA
9788411316316,La historia desconocida de Jesús de Nazaret,Religión,$730.00,0,304,2023,RUSTICA
9788411312769,Introducción al judaísmo,Religión,$660.00,0,224,2023,RUSTICA
9788411313766,Sufismo desde el corazón. Un viaje místico desde al Ándalus hasta la Meca,Religión,$700.00,0,216,2023,RUSTICA
9788417796785,"Entre los dioses y la nada. Religiones, espiritualidades, ateísmos",Religión,$765.00,0,536,2023,RUSTICA
9786073902939,Libro de las Fundaciones,Religión,$228.00,16,288,2023,RUSTICA
9788412477153,Diez razones para creer en Dios,Religión,$290.00,0,160,2023,RUSTICA
9788412495850,Cuando el amor se revela. Sabiduría de la Bhagavad Gita para iluminar la vida moderna,Religión,$697.50,0,438,2023,RUSTICA
9788491119661,El secreto de la serpiente. El libro del Hashmal,Religión,$240.00,0,112,2023,RUSTICA
9788411211314,Desde las montañas del Tíbet. La odisea de un lama tibetano,Religión,$472.50,0,296,2023,RUSTICA
9786073832649,"El pastor. Desafios, razones y reflexiones de Francisco sobre su pontificado",Religión,$369.00,0,352,2023,RUSTICA
9788419419644,"Horizontes abiertos. Dios, los ángeles y el ser humano",Religión,$596.25,4,158,2023,RUSTICA
9788417796761,Anatomía del cristianismo,Religión,$487.50,0,256,2023,RUSTICA
9786073901369,El nombre de Dios es Misericordia,Religión,$148.00,0,144,2023,RUSTICA
9780789926036,Biblia promesas (Compacta / Vintage),Religión,$465.50,0,1344,2022,RUSTICA
9786073835763,El gran corruptor,Salud alternativa,$299.00,0,280,2023,RUSTICA
9788491399803,Parar para vivir mejor. Guía definitiva para liberarte de la ansiedad y del ruido mental,Salud alternativa,$450.00,8,256,2023,RUSTICA
9788411720359,Con el miedo en el cuerpo. La incomprensión del paciente y sus síntomas,Salud alternativa,$337.50,5,192,2023,RUSTICA
9788411720144,"Sexo, salud y conciencia",Salud alternativa,$412.50,0,256,2023,RUSTICA
9786078577170,Resetea tus intestinos,Salud alternativa,$355.50,0,303,2023,RUSTICA
9786073908313,La ciencia del buen dormir,Salud alternativa,$298.00,5,336,2023,RUSTICA
9786073907699,"Hábitos que te salvarán la vida. Cómo controlar la inflamación, los picos de glucosa y el estrés",Salud alternativa,$298.00,9,288,2023,RUSTICA
9788419743336,Magia erótica,Salud alternativa,$299.00,0,320,2023,RUSTICA
9786073839006,Alimenta tu cerebro,Salud alternativa,$289.00,3,360,2023,RUSTICA
9786077487951,Shodo,Salud alternativa,$280.00,0,256,2023,RUSTICA
9788418524639,Un cuerpo 10 en 1 minuto,Salud alternativa,$315.00,0,112,2023,RUSTICA
9786073837682,Desengánchate de las dietas,Salud alternativa,$269.00,0,224,2023,RUSTICA
9788466348652,El árbol del yoga,Salud alternativa,$299.00,0,240,2023,RUSTICA
9786071440198,Bienestar,Salud alternativa,$88.00,0,253,2012,RUSTICA
9786071441096,Chakras y el nervio vago,Salud alternativa,$64.00,0,249,2012,RUSTICA
9788425363610,Lo que tu corazón espera de ti,Salud alternativa,$439.00,4,320,2023,RUSTICA
9786073905152,La revolución de la glucosa / Pd.,Salud alternativa,$348.00,0,312,2023,PASTA DURA
9786073907224,La salud de tu piel está en lo que comes,Salud alternativa,$238.00,0,208,2023,RUSTICA
9788491398974,Un intestino feliz,Salud alternativa,$412.50,0,224,2023,RUSTICA
9788411211734,Raja-yoga. La mente serena,Salud alternativa,$390.00,0,144,2023,RUSTICA
9788411211727,Meditaciones para aliviar el dolor,Salud alternativa,$487.50,0,216,2023,RUSTICA
9786073835763,El gran corruptor,Superación personal y Autoayuda,$299.00,0,280,2023,RUSTICA
9788411720496,Cómo sacar partido a tu encarnación,Superación personal y Autoayuda,$270.00,0,160,2023,RUSTICA
9788491399810,El libro que salvará tu relación de pareja,Superación personal y Autoayuda,$427.50,0,208,2023,RUSTICA
9788418956218,"Las buenas mamás tienen pensamientos aterradores, pero no pasa nada",Superación personal y Autoayuda,$532.50,0,162,2023,RUSTICA
9788419685377,La magia eres tú,Superación personal y Autoayuda,$390.00,0,288,2023,RUSTICA
9788419685353,Confía en tus vibraciones,Superación personal y Autoayuda,$412.50,7,416,2023,RUSTICA
9788491397731,"Yo, ego. Una guía para dejar de sufrir, conectar contigo mismo y alcanzar la paz mental",Superación personal y Autoayuda,$405.00,0,224,2023,RUSTICA
9788411720519,No morimos nunca. Los secretos del más allá,Superación personal y Autoayuda,$412.50,0,224,2023,RUSTICA
9788411720281,El uso creativo de la imaginación,Superación personal y Autoayuda,$270.00,0,112,2023,RUSTICA
9786073833745,El emprendedor. 10 pasos para empezar o potenciar tu negocio,Superación personal y Autoayuda,$299.00,5,120,2023,RUSTICA
9786078577187,Estás para más / 2 ed.,Superación personal y Autoayuda,$436.50,0,376,2023,RUSTICA
9786073907613,"Querido cerebro, ¿qué diablos quieres de mí?",Superación personal y Autoayuda,$248.00,0,208,2023,RUSTICA
9786073905466,El libro que necesitas leer para no perder la cabeza,Superación personal y Autoayuda,$198.00,0,128,2023,RUSTICA
9786075695808,La buena suerte. Claves de la prosperidad,Superación personal y Autoayuda,$129.00,4,128,2023,RUSTICA
9786073907668,El poder de la concentración absoluta,Superación personal y Autoayuda,$348.00,0,368,2023,RUSTICA
9786073907507,El efecto bienestar,Superación personal y Autoayuda,$228.00,0,168,2023,RUSTICA
9786075695839,El método Tools,Superación personal y Autoayuda,$299.00,0,288,2023,RUSTICA
9786073906500,Los 5 pilares de la confianza,Superación personal y Autoayuda,$348.00,0,344,2023,RUSTICA
9786075696140,Hábitos atómicos / Pd. (Edición especial),Superación personal y Autoayuda,$649.00,0,448,2023,PASTA DURA
9786075695846,Nunca digas no puedo,Superación personal y Autoayuda,$299.00,0,352,2023,RUSTICA
9786073907170,Eres un@ chingon@ haciendo dinero,Superación personal y Autoayuda,$198.00,0,240,2023,RUSTICA
9786073835763,El gran corruptor,Teatro,$299.00,0,280,2023,RUSTICA
9788433906250,Muñequita rubia,Teatro,$350.00,0,152,2023,RUSTICA
9786073904551,El alcalde de Zalamea,Teatro,$148.00,4,224,2023,RUSTICA
9786075933962,El caballero de Olmedo,Teatro,$240.00,4,206,2023,RUSTICA
9786070797200,El perro del hortelano,Teatro,$178.00,4,160,2023,RUSTICA
9786070797149,La tempestad,Teatro,$168.00,0,144,2023,RUSTICA
9786073827119,La casa de Bernarda Alba,Teatro,$129.00,0,152,2023,RUSTICA
9788491815167,La evitable ascensión de Arturo Ui. Las visiones de Simone Machard,Teatro,$339.15,0,248,2019,RUSTICA
9786070796227,El sueño de una noche de verano / Noche de reyes,Teatro,$238.00,0,272,2023,RUSTICA
9786070795145,Fuente Ovejuna,Teatro,$188.00,4,192,2023,RUSTICA
9786070795091,La ratonera (Edición con recursos didácticos),Teatro,$228.00,0,192,2023,RUSTICA
9786070793783,El mercader de Venecia / Como gustéis,Teatro,$148.00,0,304,2022,RUSTICA
9788491686576,"El gran prodigio de España, y lealtad de un amigo",Teatro,$476.25,0,156,2021,RUSTICA
9788418145766,Edipo Rey,Teatro,$93.75,9,93,2022,RUSTICA
9788418145711,Hamlet,Teatro,$93.75,0,158,2022,RUSTICA
9786070792014,Don Juan Tenorio,Teatro,$198.00,14,288,2022,RUSTICA
9786070792007,Edipo rey,Teatro,$148.00,9,158,2022,RUSTICA
9786078842674,El abrazo invisble,Teatro,$171.00,8,80,2022,RUSTICA
9786078842735,La malasangre,Teatro,$162.00,4,160,2022,RUSTICA
9786074091199,Residencias en dramaturgia,Teatro,$331.50,0,680,2022,RUSTICA
9786070789304,Luces de bohemia,Teatro,$238.00,0,344,2022,RUSTICA
9786073835763,El gran corruptor,Textos escolares,$299.00,0,280,2023,RUSTICA
9786071520975,Aprender para el bienestar 1. Bachillerato,Textos escolares,$198.00,0,216,2023,RUSTICA
9786071520913,Ciencias naturales 1. Bachillerato,Textos escolares,$198.00,0,232,2023,RUSTICA
9786071520937,Cultura digital 1. Bachillerato,Textos escolares,$198.00,0,216,2023,RUSTICA
9786071521002,Humanidades 1. Bachillerato,Textos escolares,$198.00,4,216,2023,RUSTICA
9786071520890,Pensamiento matemático 1. Bachillerato,Textos escolares,$198.00,0,320,2023,RUSTICA
9786071746528,Retos y desafios matemáticos divertidos 5 primaria / 4 ed.,Textos escolares,$339.00,0,272,2023,RUSTICA
9786071746436,Retos y desafios matemáticos divertidos 3. Primaria,Textos escolares,$339.00,0,264,2023,RUSTICA
9786071746047,Numeritos. Iniciación al pensamiento matemático,Textos escolares,$315.00,7,244,2023,RUSTICA
9786071746054,Psicología para bachillerato,Textos escolares,$349.00,4,240,2023,RUSTICA
9781456298036,Pensamiento matemático 1. Bachillerato,Textos escolares,$284.05,0,500,2023,RUSTICA
9786078742998,Filosofia I. Ética aplicada,Textos escolares,$310.00,4,128,2023,RUSTICA
9786071746207,Juguemos a leer primeros pasos,Textos escolares,$359.00,9,114,2023,RUSTICA
9786071740793,Pikolo 3 Aprende a leer y a escribir. Lenguajes (Libro + Cuaderno),Textos escolares,$429.00,0,274,2023,RUSTICA
9786071746078,"¡Vamos a pensar, comunicar y conocer! Maternal. Cuaderno integrado",Textos escolares,$299.00,17,183,2023,RUSTICA
9786073835763,El gran corruptor,Turismo,$299.00,0,280,2023,RUSTICA
7509771842732,Los mejores restaurantes en los principales destinos de México 2023 - 2024,Turismo,$259.00,0,176,2023,RUSTICA
9788412477627,Ikimashou! Viaja a Japón a través del anime,Turismo,$493.20,0,272,2022,RUSTICA
9786078859399,Turismo de experiencias en la naturaleza,Turismo,$288.00,0,180,2023,RUSTICA
9788491584414,"Welcome to El Sudeste Asiático. Rutas, consejos y mucha inspiración para un viaje inolvidable",Turismo,$585.65,0,352,2022,RUSTICA
9788408238911,El libro de los grandes viajes. 131 historias inspiradoras,Turismo,$798.00,0,272,2022,RUSTICA
9788490016541,Guía del alcázar de Sevilla,Turismo,$179.10,0,96,2020,RUSTICA
9789879468807,Design Thinking en el Turismo. Técnicas para el diseño de experiencias memorables,Turismo,$323.40,0,270,2022,RUSTICA
9781857336658,Costa Rica. Culture Smart!,Turismo,$271.15,0,168,2019,RUSTICA
9781857338508,México. Culture Smart!,Turismo,$330.65,0,168,2019,RUSTICA
9786077521860,El patrimonio turístico: herramientas prácticas para su evaluación en campo,Turismo,$180.00,0,104,2020,RUSTICA
9786079910044,Turismo de experiencias culturales,Turismo,$351.00,0,140,2021,RUSTICA
9788417248826,Territorios improbables. Historias sobre lugares que (casi) no sabías que existían,Turismo,$59.40,0,336,2021,RUSTICA
9782361953898,Soul of Barcelona,Turismo,$432.00,0,144,2020,RUSTICA
9782361953263,Secret Singapore. Las guías escritas por los habitantes,Turismo,$516.00,0,256,2021,RUSTICA
9782361953737,Secret Berlin,Turismo,$576.00,0,464,2020,RUSTICA
9782361953317,Soul of Venice,Turismo,$432.00,0,128,2020,RUSTICA
9782361953331,Soul of Venecia,Turismo,$432.00,0,128,2021,RUSTICA
9786070778483,"Comer, viajar, descubrir",Turismo,$548.00,0,528,2021,RUSTICA
9788491583059,Destinos literarios,Turismo,$508.00,4,144,2020,RUSTICA
9788491583073,Japonismo. Un delicioso viaje gastronómico por Japón,Turismo,$508.00,0,200,2020,RUSTICA
